{"cameraMode":{"drawMode":0,"name":"Shaded","section":"Shading Mode"},"sceneLighting":true,"audioPlay":false,"sceneViewState":{"showFog":true,"showMaterialUpdate":false,"showSkybox":true,"showFlares":true,"showImageEffects":true,"showParticleSystems":true},"in2DMode":false,"pivot":{"x":4.13813591003418,"y":-2.566575050354004,"z":9.83305549621582},"rotation":{"x":0.16751666367053986,"y":-0.001483239931985736,"z":0.0002515540982130915,"w":0.9858709573745728},"size":22.64932632446289,"orthographic":false}