{"cameraMode":{"drawMode":0,"name":"Shaded","section":"Shading Mode"},"sceneLighting":true,"audioPlay":false,"sceneViewState":{"showFog":true,"showMaterialUpdate":false,"showSkybox":true,"showFlares":true,"showImageEffects":true,"showParticleSystems":true},"in2DMode":false,"pivot":{"x":17.978496551513673,"y":6.831892490386963,"z":20.946693420410158},"rotation":{"x":0.016766205430030824,"y":0.07192368060350418,"z":-0.0012120704632252455,"w":0.9972760081291199},"size":40.31254959106445,"orthographic":false}